ip,time,response_status
162.55.33.98,26/Apr/2021:21:20:17 +0000,200
162.55.33.98,26/Apr/2021:21:20:17 +0000,200
162.55.33.98,26/Apr/2021:21:20:17 +0000,200
162.55.33.98,26/Apr/2021:21:20:17 +0000,200
162.55.33.98,26/Apr/2021:21:20:17 +0000,200
162.55.33.98,26/Apr/2021:21:20:17 +0000,200
162.55.33.98,26/Apr/2021:21:20:17 +0000,200
162.55.33.98,26/Apr/2021:21:20:17 +0000,200
162.55.33.98,26/Apr/2021:21:20:17 +0000,200
162.55.33.98,26/Apr/2021:21:20:17 +0000,200
162.55.33.98,26/Apr/2021:21:20:17 +0000,200
162.55.33.98,26/Apr/2021:21:20:22 +0000,200
162.55.33.98,26/Apr/2021:21:20:22 +0000,200
162.55.33.98,26/Apr/2021:21:20:22 +0000,200
162.55.33.98,26/Apr/2021:21:20:22 +0000,200
162.55.33.98,26/Apr/2021:21:20:22 +0000,200
162.55.33.98,26/Apr/2021:21:20:22 +0000,200
162.55.33.98,26/Apr/2021:21:20:22 +0000,200
162.55.33.98,26/Apr/2021:21:20:22 +0000,200
162.55.33.98,26/Apr/2021:21:20:22 +0000,200
162.55.33.98,26/Apr/2021:21:20:22 +0000,200
162.55.33.98,26/Apr/2021:21:20:22 +0000,200
162.55.33.98,26/Apr/2021:21:20:27 +0000,200
162.55.33.98,26/Apr/2021:21:20:27 +0000,200
162.55.33.98,26/Apr/2021:21:20:27 +0000,200
192.168.226.64,26/Apr/2021:21:20:27 +0000,200
192.168.226.64,26/Apr/2021:21:20:27 +0000,200
192.168.226.64,26/Apr/2021:21:20:27 +0000,200
192.168.226.64,26/Apr/2021:21:20:27 +0000,200
192.168.226.64,26/Apr/2021:21:20:27 +0000,200
192.168.226.64,26/Apr/2021:21:20:27 +0000,200
192.168.226.64,26/Apr/2021:21:20:27 +0000,200
192.168.226.64,26/Apr/2021:21:20:27 +0000,200
192.168.226.64,26/Apr/2021:21:20:27 +0000,200
192.168.226.64,26/Apr/2021:21:20:27 +0000,200
192.168.226.64,26/Apr/2021:21:20:32 +0000,200
192.168.226.64,26/Apr/2021:21:20:32 +0000,200
192.168.226.64,26/Apr/2021:21:20:32 +0000,200
192.168.226.64,26/Apr/2021:21:20:32 +0000,200
192.168.226.64,26/Apr/2021:21:20:32 +0000,200
192.168.226.64,26/Apr/2021:21:20:32 +0000,200
192.168.226.64,26/Apr/2021:21:20:32 +0000,200
192.168.226.64,26/Apr/2021:21:20:32 +0000,200
192.168.226.64,26/Apr/2021:21:20:32 +0000,200
192.168.226.64,26/Apr/2021:21:20:32 +0000,200
192.168.226.64,26/Apr/2021:21:20:32 +0000,200
192.168.226.64,26/Apr/2021:21:20:37 +0000,200
192.168.226.64,26/Apr/2021:21:20:37 +0000,200
192.168.226.64,26/Apr/2021:21:20:37 +0000,200
192.168.226.64,26/Apr/2021:21:20:37 +0000,200
192.168.226.64,26/Apr/2021:21:20:37 +0000,200
192.168.226.64,26/Apr/2021:21:20:37 +0000,200
192.168.226.64,26/Apr/2021:21:20:37 +0000,200
192.168.226.64,26/Apr/2021:21:20:37 +0000,200
192.168.226.64,26/Apr/2021:21:20:37 +0000,200
192.168.226.64,26/Apr/2021:21:20:37 +0000,200
192.168.226.64,26/Apr/2021:21:20:37 +0000,200
192.168.226.64,26/Apr/2021:21:20:44 +0000,200
192.168.226.64,26/Apr/2021:21:20:44 +0000,200
192.168.226.64,26/Apr/2021:21:20:44 +0000,200
192.168.226.64,26/Apr/2021:21:20:44 +0000,200
192.168.226.64,26/Apr/2021:21:20:44 +0000,200
192.168.226.64,26/Apr/2021:21:20:45 +0000,200
192.168.226.64,26/Apr/2021:21:20:45 +0000,200
192.168.226.64,26/Apr/2021:21:20:45 +0000,200
192.168.226.64,26/Apr/2021:21:20:45 +0000,200
192.168.226.64,26/Apr/2021:21:20:45 +0000,200
192.168.226.64,26/Apr/2021:21:20:45 +0000,200
192.168.226.64,26/Apr/2021:21:20:47 +0000,200
192.168.226.64,26/Apr/2021:21:20:47 +0000,200
192.168.226.64,26/Apr/2021:21:20:47 +0000,200
192.168.226.64,26/Apr/2021:21:20:47 +0000,200
192.168.226.64,26/Apr/2021:21:20:47 +0000,200
192.168.226.64,26/Apr/2021:21:20:47 +0000,200
192.168.226.64,26/Apr/2021:21:20:47 +0000,200
192.168.226.64,26/Apr/2021:21:20:47 +0000,200
192.168.226.64,26/Apr/2021:21:20:47 +0000,200
192.168.226.64,26/Apr/2021:21:20:47 +0000,200
192.168.226.64,26/Apr/2021:21:20:47 +0000,200
192.168.226.64,26/Apr/2021:21:20:52 +0000,200
192.168.226.64,26/Apr/2021:21:20:52 +0000,200
192.168.226.64,26/Apr/2021:21:20:52 +0000,200
192.168.226.64,26/Apr/2021:21:20:52 +0000,200
192.168.226.64,26/Apr/2021:21:20:52 +0000,200
192.168.226.64,26/Apr/2021:21:20:52 +0000,200
192.168.226.64,26/Apr/2021:21:20:52 +0000,200
192.168.226.64,26/Apr/2021:21:20:52 +0000,200
192.168.226.64,26/Apr/2021:21:20:52 +0000,200
192.168.226.64,26/Apr/2021:21:20:52 +0000,200
