response_time_2,key
0.004,6742af5538ad6e0afd63939efe6cb153
0.0,95203ed7d197bca112d1e3c48c1bcec3
0.008,4ce4157e3aee95b732011414910c4289
0.004,03bf0328751c9c50d02529c73072e00f
0.004,3c7c4ff757b90f995f763dfe0a75e9ce
0.0,bb93ed9d70743cffd043dd44a26e5eea
0.004,a0beefab689e7a3d60fe422e936e003c
0.0,598ad57a102e34b2c3e9c34e7fe70ea4
0.004,3034be2bda349c1393fe33bfca295fb9
0.004,72a82f1ea005b93be8c1d7d8b97dd998
0.004,9a4aaf047d5c99ffe9dc6428e1c9b71f
0.004,b448c355de7787e6b68ca88ef30e4ac6
0.004,d6572244ffe344089718555fe9cbd5b9
0.008,24b4813f5b14e6cd8f68bf0f8a000105
0.004,a8ff84a57704571bb37d2c3f32cb889d
0.004,36d095e2850c0fb5d803c0a94cef9eae
0.008,3fa414b73c838e1fd17d2420e79d7bb9
0.008,f404e93ba6461513934930da3de65197
